# {"t_start": 1601478582.98735, "env_id": "Reacher-v2"} 
r,l,t
-58.51114,50,0.752312
-50.393358,50,0.776437
-55.913609,50,0.800615
-67.923927,50,0.824882
-62.132675,50,0.849081
-56.866424,50,0.873268
-64.746669,50,0.89781
-60.774521,50,0.921952
-66.282862,50,0.946009
-69.014094,50,0.970811
-66.04199,50,0.994828
-61.334079,50,1.018676
-70.095389,50,1.042922
-56.715033,50,1.067129
-55.697965,50,1.091068
-58.069286,50,1.115258
-64.15044,50,1.139463
-61.766242,50,1.163973
-66.056626,50,1.188295
-60.33177,50,1.212415
-57.068493,50,1.236488
-63.643444,50,1.263971
-69.818579,50,1.288171
-60.33607,50,1.312249
-64.871722,50,1.33629
-64.089174,50,1.36107
-65.71043,50,1.385386
-58.124182,50,1.409447
-69.776578,50,1.43363
-57.828786,50,1.457831
-64.088778,50,1.481937
-63.370664,50,1.506009
-51.573113,50,1.529982
-62.355091,50,1.554369
-60.208233,50,1.578384
-64.749378,50,1.602312
-66.448672,50,1.626525
-63.948844,50,1.650538
-61.116481,50,1.674746
-57.943183,50,1.698668
-57.217415,50,2.195729
-62.774187,50,2.22937
-66.008664,50,2.255548
-61.655114,50,2.279257
-58.542441,50,2.302745
-68.520613,50,2.326318
-54.891425,50,2.350005
-61.558886,50,2.374132
-57.527922,50,2.398679
-61.786773,50,2.422749
-53.072617,50,2.446652
-55.082143,50,2.470595
-54.684673,50,2.494688
-53.978244,50,2.518568
-61.995911,50,2.542608
-56.909779,50,2.566883
-58.530025,50,2.590913
-58.235931,50,2.614777
-60.334273,50,2.638886
-63.573837,50,2.66313
-57.922392,50,2.687305
-51.863881,50,2.711489
-55.38453,50,2.735338
-60.132209,50,2.759463
-60.139967,50,2.783483
-55.794094,50,2.8075
-60.092519,50,2.831564
-59.958554,50,2.855556
-54.720483,50,2.880384
-59.3991,50,2.904614
-63.10038,50,2.928422
-63.432117,50,2.952424
-57.189351,50,2.976318
-60.424007,50,3.000297
-54.929392,50,3.02434
-46.808201,50,3.04847
-60.844851,50,3.072645
-56.907461,50,3.096672
-57.573249,50,3.121047
-65.886025,50,3.146197
-64.429248,50,3.17033
-58.793544,50,3.630063
-58.899716,50,3.669987
-53.98036,50,3.6939
-51.437283,50,3.71813
-57.51188,50,3.742388
-59.79952,50,3.766047
-61.703099,50,3.790049
-51.796356,50,3.814059
-59.514684,50,3.838031
-56.180466,50,3.862221
-56.753776,50,3.886421
-55.536483,50,3.910521
-57.767906,50,3.934573
-47.894572,50,3.958685
-53.118246,50,3.982812
-54.156696,50,4.006629
-57.122129,50,4.030713
-60.954505,50,4.055015
-62.710794,50,4.079157
-55.581824,50,4.103462
-57.087664,50,4.127546
-64.690571,50,4.15175
-63.687518,50,4.176239
-61.622241,50,4.202737
-56.103403,50,4.227302
-59.352854,50,4.253051
-47.268538,50,4.284479
-56.536972,50,4.312251
-57.220499,50,4.337733
-60.595623,50,4.361851
-57.812448,50,4.386298
-50.192432,50,4.410559
-58.46484,50,4.43471
-57.267195,50,4.458706
-57.045686,50,4.482666
-63.508032,50,4.506821
-60.344208,50,4.530793
-58.210712,50,4.555224
-61.541525,50,4.57949
-60.494051,50,4.603543
-65.493801,50,4.627757
-50.687872,50,5.087764
-50.496028,50,5.121903
-55.08999,50,5.145869
-55.184571,50,5.169633
-58.560318,50,5.193804
-56.859995,50,5.217572
-51.739964,50,5.2413
-61.625098,50,5.26527
-54.400772,50,5.289404
-54.518734,50,5.313496
-55.658826,50,5.337528
-56.747282,50,5.361522
-62.034553,50,5.385988
-54.405028,50,5.41068
-57.840762,50,5.43474
-58.926248,50,5.459245
-55.068631,50,5.4833
-59.963807,50,5.507382
-58.034273,50,5.531329
-55.311922,50,5.555601
-48.85579,50,5.579836
-56.878981,50,5.604106
-52.620949,50,5.62797
-57.639482,50,5.652244
-58.734307,50,5.676269
-55.326844,50,5.700338
-62.66933,50,5.724508
-56.317782,50,5.748931
-55.566656,50,5.772857
-45.172177,50,5.796976
-53.566961,50,5.820897
-57.018201,50,5.844842
-53.650899,50,5.868834
-64.491194,50,5.893504
-57.639119,50,5.918007
-62.43963,50,5.94192
-51.398622,50,5.966092
-56.608318,50,5.990187
-50.058501,50,6.01409
-58.244379,50,6.037971
-57.948401,50,6.062382
-52.819615,50,6.521862
-57.808068,50,6.556206
-58.446883,50,6.580515
-51.798568,50,6.604939
-54.219064,50,6.628953
-51.948803,50,6.653432
-51.793971,50,6.677426
-52.044234,50,6.702802
-56.190269,50,6.727245
-71.783954,50,6.751447
-48.953818,50,6.775601
-52.273075,50,6.799702
-60.122884,50,6.825657
-61.264981,50,6.856626
-56.122119,50,6.885228
-52.106187,50,6.914572
-58.287764,50,6.942761
-60.816899,50,6.966819
-51.091491,50,6.991887
-53.169939,50,7.015991
-61.254758,50,7.040182
-59.457719,50,7.064549
-55.676835,50,7.088907
-57.583066,50,7.112944
-60.444454,50,7.137372
-58.07104,50,7.161421
-58.63983,50,7.185693
-58.797845,50,7.210896
-55.612521,50,7.235646
-54.030743,50,7.259745
-56.909496,50,7.283776
-60.286205,50,7.308091
-60.830002,50,7.332703
-53.363347,50,7.356773
-49.903545,50,7.381734
-53.38205,50,7.405694
-53.707827,50,7.429703
-48.843793,50,7.453599
-55.552747,50,7.477494
-56.044027,50,7.501546
-57.932398,50,7.525719
-54.601179,50,7.9857
-53.250755,50,8.018693
-62.034608,50,8.043351
-48.76171,50,8.0675
-56.208891,50,8.091709
-49.402365,50,8.115838
-63.057927,50,8.139904
-50.743217,50,8.164674
-55.442003,50,8.188913
-57.711989,50,8.21349
-54.249335,50,8.237726
-61.948733,50,8.261915
-47.776189,50,8.286271
-55.823056,50,8.310384
-51.97434,50,8.334452
-57.608521,50,8.3585
-58.934718,50,8.382796
-57.930191,50,8.407021
-63.090356,50,8.430948
-56.710279,50,8.455249
-53.525181,50,8.479207
-57.194315,50,8.503129
-46.930729,50,8.527176
-51.082001,50,8.551655
-57.789332,50,8.575641
-52.330412,50,8.599769
-65.34728,50,8.624071
-51.562993,50,8.648415
-46.823466,50,8.67267
-51.89545,50,8.696605
-50.212029,50,8.721055
-56.558843,50,8.745419
-55.899878,50,8.769735
-61.323778,50,8.793855
-56.556695,50,8.818057
-57.523973,50,8.842122
-56.40473,50,8.866184
-64.304462,50,8.890647
-61.396413,50,8.914726
-49.949227,50,8.938704
-56.361609,50,8.962647
-52.660737,50,9.421198
-51.556917,50,9.454994
-50.654654,50,9.479
-55.722274,50,9.503131
-55.940785,50,9.527046
-61.980328,50,9.551486
-54.735268,50,9.575525
-57.373398,50,9.599811
-56.311079,50,9.623939
-48.51614,50,9.648147
-54.96016,50,9.67216
-52.774206,50,9.696581
-52.786906,50,9.721061
-44.872292,50,9.745496
-51.71191,50,9.769486
-54.572137,50,9.793584
-54.285931,50,9.817731
-50.776547,50,9.841593
-55.85841,50,9.865704
-53.978669,50,9.890125
-62.435396,50,9.914137
-58.938995,50,9.938316
-52.679318,50,9.962269
-53.824269,50,9.986271
-46.030842,50,10.01076
-55.763846,50,10.034678
-52.32456,50,10.059255
-54.252827,50,10.083445
-45.654757,50,10.110882
-52.59908,50,10.135009
-57.032018,50,10.162087
-49.644573,50,10.186393
-52.399852,50,10.211024
-54.630311,50,10.235199
-47.95205,50,10.259528
-60.858312,50,10.28359
-54.642186,50,10.307644
-53.468183,50,10.331522
-51.2806,50,10.358294
-50.933254,50,10.382711
-54.861233,50,10.406997
-63.094305,50,10.868039
-49.087346,50,10.903024
-54.980034,50,10.927499
-46.418157,50,10.951978
-56.277365,50,10.976067
-51.208692,50,11.000374
-54.737682,50,11.024341
-51.687614,50,11.048862
-53.573715,50,11.072857
-47.394082,50,11.096934
-53.109167,50,11.121212
-57.279818,50,11.148595
-45.773484,50,11.172973
-42.432216,50,11.19722
-50.573238,50,11.223179
-54.215503,50,11.247581
-48.62193,50,11.271712
-44.387753,50,11.295695
-54.414252,50,11.31984
-55.743835,50,11.34391
-47.823901,50,11.368046
-48.129345,50,11.392379
-45.470224,50,11.41657
-51.494852,50,11.440929
-50.494058,50,11.465076
-51.322975,50,11.489103
-40.849213,50,11.513513
-48.199341,50,11.537537
-47.878456,50,11.561711
-56.036704,50,11.585758
-55.265181,50,11.609929
-52.251254,50,11.6343
-52.989186,50,11.65836
-57.486079,50,11.682462
-48.419502,50,11.706523
-56.090406,50,11.731166
-45.073489,50,11.755037
-48.475913,50,11.778952
-48.943879,50,11.803007
-49.013375,50,11.8272
-54.397838,50,11.851292
-53.642352,50,12.307996
-52.622302,50,12.341826
-52.751847,50,12.366052
-47.909893,50,12.390848
-50.850522,50,12.414835
-54.977409,50,12.439157
-42.053732,50,12.46337
-44.428475,50,12.487477
-42.042909,50,12.511661
-56.252282,50,12.535658
-51.939823,50,12.560113
-57.158417,50,12.584245
-51.417363,50,12.608358
-42.722719,50,12.632497
-52.278475,50,12.656918
-51.71468,50,12.681266
-49.287567,50,12.705265
-50.643411,50,12.72982
-51.655024,50,12.753917
-48.067986,50,12.778154
-48.86945,50,12.802686
-52.711734,50,12.826771
-48.07632,50,12.850856
-49.644881,50,12.875107
-43.553303,50,12.899661
-52.25882,50,12.923897
-51.278575,50,12.948328
-58.072592,50,12.972522
-52.21109,50,12.996573
-44.882668,50,13.020616
-53.390623,50,13.044999
-51.791221,50,13.069746
-47.386706,50,13.093806
-48.374321,50,13.117948
-50.720155,50,13.142129
-49.65906,50,13.166406
-47.134765,50,13.190217
-47.225246,50,13.21594
-46.005986,50,13.241575
-45.918369,50,13.27177
-51.856856,50,13.303725
-50.022534,50,13.768751
-44.33975,50,13.798626
-49.849616,50,13.824055
-51.60122,50,13.848288
-63.981463,50,13.873025
-54.697364,50,13.898695
-35.253051,50,13.923783
-48.495407,50,13.949475
-46.893491,50,13.975029
-53.234498,50,14.000586
-53.885242,50,14.025988
-51.427818,50,14.051218
-38.987446,50,14.077157
-44.461918,50,14.102092
-46.19396,50,14.127195
-49.524911,50,14.152339
-50.053004,50,14.178069
-56.297068,50,14.203909
-45.332655,50,14.229568
-55.103702,50,14.255007
-46.19799,50,14.280422
-46.84992,50,14.311529
-54.265573,50,14.345672
-45.020958,50,14.385581
-46.220529,50,14.42769
-46.378093,50,14.46596
-51.455995,50,14.495738
-54.781599,50,14.524319
-54.14391,50,14.552616
-49.85771,50,14.577708
-48.333279,50,14.602534
-54.225074,50,14.627225
-45.529482,50,14.651962
-47.975795,50,14.676548
-45.131737,50,14.701217
-48.316992,50,14.725754
-52.146644,50,14.749753
-45.60412,50,14.774009
-43.635275,50,14.798058
-44.531321,50,14.822594
-58.791424,50,14.847283
-44.653014,50,15.407908
-49.643357,50,15.438166
-48.224053,50,15.46321
-54.679153,50,15.487865
-50.470505,50,15.512846
-52.968189,50,15.537483
-47.910762,50,15.56394
-52.647785,50,15.593926
-49.98838,50,15.619177
-47.872375,50,15.646143
-47.031919,50,15.683528
-52.720018,50,15.715684
-47.036396,50,15.747524
-49.72546,50,15.776501
-38.806828,50,15.806856
-50.032465,50,15.837228
-52.880322,50,15.863457
-52.384484,50,15.889752
-51.267734,50,15.919701
-52.374892,50,15.94468
-57.455156,50,15.969285
-45.088126,50,15.994206
-48.478886,50,16.018646
-55.804149,50,16.043183
-43.291082,50,16.068367
-51.823932,50,16.093127
-39.421972,50,16.118319
-52.75621,50,16.143895
-49.404161,50,16.169036
-45.919252,50,16.19467
-55.200308,50,16.220403
-46.801701,50,16.245828
-45.307582,50,16.271253
-53.158491,50,16.29579
-46.924635,50,16.320843
-40.809337,50,16.345836
-37.013552,50,16.370482
-47.16537,50,16.396257
-44.096261,50,16.421357
-45.86251,50,16.446626
-48.40447,50,16.471679
-53.633199,50,17.677112
-48.349076,50,17.710255
-47.775417,50,17.73474
-40.678343,50,17.759196
-51.787171,50,17.783821
-46.583154,50,17.808369
-47.612409,50,17.833439
-51.080502,50,17.859456
-54.545175,50,17.885446
-54.637162,50,17.910536
-45.644901,50,17.935581
-48.653852,50,17.96014
-48.059635,50,17.98517
-51.856331,50,18.009536
-61.559503,50,18.034345
-50.553144,50,18.059777
-45.439906,50,18.084988
-52.567263,50,18.109269
-40.920455,50,18.134169
-46.642862,50,18.158615
-43.198276,50,18.183704
-39.883639,50,18.208331
-53.412192,50,18.23353
-43.026121,50,18.258067
-50.652157,50,18.283162
-48.277217,50,18.307977
-48.47983,50,18.332522
-44.836357,50,18.357271
-51.847276,50,18.382281
-48.727582,50,18.406817
-45.187338,50,18.431193
-40.47416,50,18.456105
-53.877345,50,18.480496
-49.603611,50,18.505767
-43.143317,50,18.530055
-46.887637,50,18.555214
-47.154512,50,18.579714
-43.803673,50,18.604575
-44.506557,50,18.628671
-47.647142,50,18.653569
-40.663328,50,18.678071
-46.673841,50,19.160369
-42.436438,50,19.189603
-48.447532,50,19.213686
-39.313157,50,19.239846
-45.036797,50,19.263976
-48.394856,50,19.28771
-51.203794,50,19.311472
-42.527229,50,19.335609
-48.810568,50,19.359573
-49.399624,50,19.384277
-41.836281,50,19.40845
-45.19128,50,19.432562
-42.59919,50,19.456909
-38.683792,50,19.481343
-40.730269,50,19.505446
-48.454922,50,19.529614
-48.189087,50,19.554218
-51.964589,50,19.57851
-45.049257,50,19.602664
-42.215254,50,19.626591
-50.732635,50,19.651236
-40.597712,50,19.675332
-48.847329,50,19.699295
-41.061408,50,19.723525
-43.965094,50,19.747566
-48.45694,50,19.771663
-40.622457,50,19.795774
-41.102366,50,19.819842
-44.434319,50,19.843951
-39.121963,50,19.867933
-47.12575,50,19.892559
-44.197029,50,19.916643
-50.139501,50,19.940672
-43.649538,50,19.964798
-46.087307,50,19.988774
-47.541032,50,20.014115
-49.989719,50,20.03797
-44.615657,50,20.062248
-39.266604,50,20.086532
-43.810489,50,20.110269
-45.475339,50,20.13458
-38.438542,50,20.59732
-36.364249,50,20.631865
-51.110958,50,20.656123
-42.760837,50,20.679789
-44.564857,50,20.703822
-54.321919,50,20.727693
-42.673752,50,20.751474
-44.135324,50,20.775855
-52.596181,50,20.800072
-43.471105,50,20.824448
-53.187162,50,20.848581
-42.689103,50,20.872516
-41.665056,50,20.896977
-46.07798,50,20.920759
-43.872243,50,20.945142
-42.202835,50,20.969681
-42.149766,50,20.993749
-46.997935,50,21.017904
-48.335515,50,21.041928
-48.723787,50,21.066488
-46.861704,50,21.09174
-47.531022,50,21.115853
-38.703566,50,21.140142
-43.653128,50,21.164238
-46.409194,50,21.188691
-44.311937,50,21.213367
-44.08919,50,21.237832
-39.819945,50,21.263162
-42.337414,50,21.287373
-45.869138,50,21.311427
-46.420589,50,21.335704
-47.368109,50,21.359901
-50.991657,50,21.384441
-44.900086,50,21.408396
-50.404296,50,21.432328
-48.828326,50,21.456597
-55.426944,50,21.480653
-49.434664,50,21.504763
-48.404959,50,21.52886
-52.464252,50,21.553208
-47.494708,50,21.577501
-45.088451,50,22.054686
-46.032187,50,22.083858
-45.725236,50,22.108178
-47.033546,50,22.131808
-44.851902,50,22.155418
-36.178888,50,22.179743
-47.311393,50,22.203575
-38.751404,50,22.228267
-47.554831,50,22.252362
-45.164516,50,22.276518
-45.249174,50,22.301278
-48.08679,50,22.325261
-42.278792,50,22.349388
-40.804744,50,22.373402
-39.574953,50,22.397585
-40.652293,50,22.421614
-47.094805,50,22.445886
-39.486581,50,22.470036
-44.038097,50,22.494255
-40.816419,50,22.518383
-40.542617,50,22.542559
-39.661435,50,22.566806
-48.077117,50,22.591119
-38.951783,50,22.615169
-50.565486,50,22.6394
-49.16038,50,22.663551
-42.07048,50,22.687773
-48.590906,50,22.712081
-39.179276,50,22.73608
-46.197911,50,22.760355
-44.202124,50,22.784526
-39.298521,50,22.808593
-51.672453,50,22.832636
-40.919805,50,22.856773
-34.718134,50,22.881378
-40.138557,50,22.90541
-41.401976,50,22.929391
-45.354105,50,22.953822
-42.142176,50,22.97781
-41.411428,50,23.001978
-48.761174,50,23.025968
-49.550604,50,23.489161
-46.911205,50,23.522785
-42.608561,50,23.547595
-33.837011,50,23.57152
-45.798378,50,23.595643
-45.116725,50,23.619626
-47.09968,50,23.643673
-50.07642,50,23.668
-52.908536,50,23.691987
-48.56134,50,23.716221
-48.279207,50,23.740938
-41.22604,50,23.764755
-39.261102,50,23.788744
-32.597389,50,23.812819
-47.44182,50,23.837103
-43.11306,50,23.861511
-39.282421,50,23.886382
-38.146273,50,23.910686
-38.157507,50,23.934824
-42.524239,50,23.958891
-42.972886,50,23.983284
-44.616364,50,24.00736
-35.906502,50,24.03136
-49.232162,50,24.055761
-46.226452,50,24.079792
-38.927175,50,24.103983
-40.877722,50,24.127962
-42.810654,50,24.151919
-37.302169,50,24.176029
-45.102545,50,24.200363
-48.750572,50,24.224839
-51.564941,50,24.249041
-41.044435,50,24.27383
-44.109345,50,24.298114
-47.214917,50,24.322128
-44.049959,50,24.345919
-45.357883,50,24.369877
-45.079271,50,24.39437
-47.148202,50,24.418459
-47.335511,50,24.442312
-46.023232,50,24.467467
-41.926126,50,24.935075
-44.922513,50,24.959452
-45.328706,50,24.983516
-48.197057,50,25.007686
-44.137716,50,25.031877
-48.275945,50,25.056367
-32.809649,50,25.080664
-47.958318,50,25.104525
-42.794451,50,25.128505
-34.5989,50,25.152409
-51.410789,50,25.176521
-40.125801,50,25.201158
-39.824308,50,25.225468
-48.497178,50,25.249825
-43.946729,50,25.273882
-50.33161,50,25.297719
-44.90356,50,25.322872
-42.676289,50,25.347107
-46.510753,50,25.371317
-41.060609,50,25.395777
-34.128367,50,25.4201
-42.454482,50,25.444309
-44.428544,50,25.468298
-45.505212,50,25.492576
-39.752816,50,25.516786
-37.826942,50,25.541058
-48.760357,50,25.565826
-37.919716,50,25.589803
-44.019113,50,25.61427
-41.81119,50,25.638596
-42.127386,50,25.662702
-40.618603,50,25.686726
-42.227886,50,25.710992
-43.260974,50,25.73506
-42.179132,50,25.758994
-45.06168,50,25.783288
-47.992113,50,25.807321
-40.906049,50,25.831644
-46.758379,50,25.855787
-46.299892,50,25.880021
-50.33508,50,25.904371
-43.939969,50,26.362504
-46.311116,50,26.391861
-37.873277,50,26.41542
-44.368657,50,26.43923
-36.974433,50,26.463079
-46.93163,50,26.486842
-33.713194,50,26.510827
-48.970365,50,26.534878
-51.475971,50,26.559171
-45.562822,50,26.583364
-36.19615,50,26.607379
-43.212387,50,26.631574
-40.740144,50,26.656454
-44.892154,50,26.680638
-39.810904,50,26.704898
-46.463801,50,26.729246
-44.795588,50,26.753693
-48.191792,50,26.777816
-42.949477,50,26.802241
-42.096228,50,26.826611
-38.560779,50,26.850714
-43.250782,50,26.874793
-41.052985,50,26.899209
-47.539155,50,26.923216
-46.035739,50,26.947391
-47.249398,50,26.971418
-45.04259,50,26.99568
-49.717284,50,27.01979
-42.038927,50,27.044124
-44.899823,50,27.06857
-32.544168,50,27.09263
-38.221634,50,27.116964
-40.029706,50,27.140992
-42.090048,50,27.164995
-46.576303,50,27.189622
-39.847016,50,27.218986
-40.483363,50,27.244154
-40.686932,50,27.268124
-34.235867,50,27.292235
-45.039305,50,27.316302
-44.476222,50,27.340313
-47.852419,50,27.803025
-52.240555,50,27.835217
-39.797875,50,27.859394
-43.567919,50,27.884018
-43.879311,50,27.908149
-33.809967,50,27.931912
-41.122066,50,27.956019
-36.909571,50,27.980001
-35.231982,50,28.004142
-45.526668,50,28.028004
-39.580254,50,28.052422
-40.273849,50,28.077344
-39.92407,50,28.101381
-53.073322,50,28.125541
-39.404707,50,28.149698
-45.266072,50,28.173952
-41.424138,50,28.198176
-38.450539,50,28.222586
-40.585693,50,28.246904
-42.400733,50,28.271283
-45.069141,50,28.29563
-38.791219,50,28.319819
-38.529757,50,28.343988
-46.852587,50,28.368077
-45.194282,50,28.392457
-40.995585,50,28.416611
-45.624494,50,28.440876
-51.62927,50,28.465146
-43.094777,50,28.489298
-35.016704,50,28.513572
-42.844949,50,28.537656
-43.999837,50,28.562067
-36.501028,50,28.586115
-39.807646,50,28.610399
-40.196202,50,28.634672
-36.375972,50,28.658715
-38.21041,50,28.682852
-32.672559,50,28.70697
-41.827378,50,28.731395
-46.585868,50,28.755367
-40.977125,50,28.779491
-39.168309,50,29.24777
-47.623992,50,29.272764
-42.404213,50,29.296908
-42.829364,50,29.321047
-39.840188,50,29.344998
-46.436558,50,29.369043
-42.135111,50,29.393498
-45.984386,50,29.417538
-39.638304,50,29.44175
-35.425418,50,29.465944
-50.474743,50,29.490048
-37.184424,50,29.514292
-40.250545,50,29.538608
-39.93277,50,29.563068
-43.611945,50,29.587206
-33.389268,50,29.611309
-40.89909,50,29.635237
-44.448702,50,29.659701
-39.841774,50,29.684117
-39.621635,50,29.708288
-39.261932,50,29.732841
-43.283123,50,29.757026
-39.863663,50,29.780863
-41.989486,50,29.805077
-47.585447,50,29.829365
-35.666491,50,29.853538
-44.446397,50,29.877948
-40.424459,50,29.902149
-39.426957,50,29.926285
-39.416101,50,29.950214
-45.840369,50,29.974319
-37.979573,50,29.99826
-45.035259,50,30.023537
-45.350137,50,30.054499
-41.218104,50,30.0792
-45.491771,50,30.104463
-43.581726,50,30.128691
-43.206493,50,30.154216
-49.610834,50,30.178783
-39.226123,50,30.202956
-50.893799,50,30.227275
-43.729807,50,30.685619
-36.943836,50,30.719995
-38.694894,50,30.745389
-41.116735,50,30.769204
-33.884466,50,30.792843
-39.229191,50,30.816525
-44.996559,50,30.840531
-43.251492,50,30.864558
-36.201258,50,30.889217
-36.979622,50,30.913843
-42.228798,50,30.937643
-38.053495,50,30.961747
-44.549002,50,30.985956
-37.390852,50,31.009988
-45.630668,50,31.034221
-39.807011,50,31.058608
-38.192431,50,31.082755
-44.943867,50,31.106838
-43.588731,50,31.130983
-43.896185,50,31.155106
-38.209958,50,31.179473
-48.543144,50,31.20457
-42.021686,50,31.228924
-45.356897,50,31.253036
-42.494285,50,31.277192
-40.95474,50,31.301414
-38.911013,50,31.32564
-39.151465,50,31.349946
-38.190173,50,31.374097
-39.975285,50,31.398685
-42.798496,50,31.422742
-32.357061,50,31.446765
-38.581564,50,31.470831
-37.046165,50,31.494934
-37.105985,50,31.518968
-40.354376,50,31.54334
-39.500201,50,31.567475
-41.773005,50,31.591539
-40.627117,50,31.615705
-33.593742,50,31.63973
-47.457548,50,31.663999
-41.415266,50,32.136971
-39.314045,50,32.161562
-43.447224,50,32.185891
-37.905647,50,32.210273
-34.10036,50,32.234147
-44.03719,50,32.258371
-38.566543,50,32.282414
-37.481542,50,32.306734
-44.198824,50,32.33071
-39.714092,50,32.354978
-42.436007,50,32.379366
-34.28387,50,32.40371
-39.284945,50,32.427954
-43.186766,50,32.452058
-38.681023,50,32.476099
-41.832797,50,32.500115
-43.549349,50,32.524161
-35.478327,50,32.548619
-38.47641,50,32.572931
-46.315996,50,32.597268
-45.295372,50,32.621429
-31.857344,50,32.645775
-32.206475,50,32.669775
-46.434578,50,32.693847
-37.423533,50,32.71823
-30.049706,50,32.742204
-47.556782,50,32.766327
-46.45126,50,32.790133
-33.83867,50,32.814637
-36.547812,50,32.838627
-42.354251,50,32.862558
-43.797572,50,32.887071
-43.000976,50,32.911331
-44.197505,50,32.9353
-42.718528,50,32.959567
-43.449973,50,32.98359
-41.957503,50,33.007788
-44.692404,50,33.031857
-41.682959,50,33.056174
-40.158923,50,33.080082
-48.587259,50,33.104315
-37.024874,50,33.567978
-42.7076,50,33.599805
-38.251882,50,33.628301
-33.084189,50,33.652805
-39.395963,50,33.676755
-42.028397,50,33.700955
-44.968862,50,33.725283
-41.745193,50,33.749457
-43.216113,50,33.773728
-46.689983,50,33.798009
-39.356397,50,33.822291
-37.948894,50,33.849768
-46.868352,50,33.873849
-44.891067,50,33.900284
-40.280117,50,33.924708
-41.512006,50,33.948909
-39.867918,50,33.974224
-38.835023,50,33.998498
-43.963075,50,34.022542
-35.226469,50,34.047083
-43.740012,50,34.07106
-35.120927,50,34.095187
-29.542318,50,34.119208
-36.204079,50,34.14345
-31.930642,50,34.167584
-40.147796,50,34.192112
-38.694862,50,34.216678
-41.110554,50,34.241236
-41.435236,50,34.277175
-32.902441,50,34.306015
-35.903617,50,34.331786
-34.976317,50,34.356248
-36.018739,50,34.380598
-45.555531,50,34.40495
-40.35602,50,34.429115
-31.432574,50,34.453179
-43.288006,50,34.477299
-41.106379,50,34.501368
-39.480538,50,34.52567
-41.86044,50,34.550241
-37.029557,50,34.574155
-34.1592,50,35.039592
-35.867291,50,35.069896
-45.809994,50,35.093942
-38.965901,50,35.118113
-32.141935,50,35.142183
-39.114262,50,35.166417
-43.297495,50,35.190673
-44.08175,50,35.215138
-41.391859,50,35.239256
-37.490259,50,35.263304
-36.518972,50,35.287549
-37.937488,50,35.311715
-45.037211,50,35.335754
-36.628709,50,35.359973
-41.886308,50,35.384703
-36.036634,50,35.408738
-35.127821,50,35.433146
-42.907354,50,35.457179
-38.343682,50,35.481174
-36.7883,50,35.505543
-31.92551,50,35.529834
-39.233053,50,35.554254
-37.654865,50,35.578284
-36.007902,50,35.602601
-42.898648,50,35.627055
-39.912867,50,35.651372
-41.031568,50,35.675683
-43.051431,50,35.699844
-42.208044,50,35.724168
-34.747987,50,35.748379
-34.945266,50,35.772802
-36.45183,50,35.797847
-45.681787,50,35.822333
-40.934764,50,35.8465
-32.18315,50,35.870527
-37.658143,50,35.89524
-41.349564,50,35.919571
-37.634982,50,35.943993
-43.878215,50,35.968207
-34.127311,50,35.992653
-39.734086,50,36.016593
-46.09941,50,36.493138
-41.608125,50,36.520241
-40.577658,50,36.544537
-34.967824,50,36.568366
-33.222398,50,36.592073
-41.987125,50,36.616013
-39.842418,50,36.640215
-37.483047,50,36.664639
-35.988157,50,36.688711
-40.909435,50,36.713135
-32.714,50,36.737607
-40.440651,50,36.762723
-36.796112,50,36.791653
-35.132501,50,36.821012
-43.648454,50,36.850731
-43.219628,50,36.881664
-44.720905,50,36.906152
-43.637118,50,36.930412
-40.579512,50,36.95468
-34.302946,50,36.978715
-33.269712,50,37.003015
-44.137814,50,37.027231
-40.475895,50,37.051793
-33.373204,50,37.077102
-39.211144,50,37.100893
-35.815126,50,37.125044
-42.895103,50,37.149114
-36.949115,50,37.17373
-38.227678,50,37.197596
-36.924055,50,37.222257
-37.574522,50,37.246647
-44.812798,50,37.270621
-38.177013,50,37.29501
-40.491936,50,37.319077
-38.900042,50,37.343373
-40.936812,50,37.367581
-44.945295,50,37.392141
-43.748354,50,37.416392
-41.310987,50,37.440768
-47.15086,50,37.464693
-36.936886,50,37.489065
-33.081792,50,37.959327
-40.259251,50,37.98376
-41.173841,50,38.008018
-34.983991,50,38.032309
-42.713598,50,38.057136
-39.171275,50,38.081366
-30.761539,50,38.10558
-41.573122,50,38.12974
-45.623164,50,38.153726
-35.851247,50,38.178513
-31.141021,50,38.202581
-34.657985,50,38.226751
-43.622805,50,38.251904
-34.71426,50,38.27612
-42.545785,50,38.300301
-38.413619,50,38.324501
-37.514927,50,38.348599
-35.78578,50,38.372631
-41.74515,50,38.397351
-35.131854,50,38.421516
-33.600363,50,38.445568
-38.707616,50,38.469743
-40.926375,50,38.493762
-51.518462,50,38.518057
-43.57804,50,38.54228
-46.295629,50,38.566669
-50.115533,50,38.59062
-38.024044,50,38.614558
-39.909011,50,38.638714
-36.99472,50,38.663098
-38.176127,50,38.687175
-38.680377,50,38.711356
-34.353933,50,38.735371
-45.475299,50,38.75954
-40.642225,50,38.783595
-40.438554,50,38.807707
-35.866728,50,38.832071
-40.105033,50,38.856036
-44.609492,50,38.880298
-35.543585,50,38.90436
-38.016862,50,39.360916
-33.403478,50,39.392514
-45.167493,50,39.42123
-36.872972,50,39.445166
-32.933486,50,39.46878
-32.905552,50,39.492593
-33.402474,50,39.516493
-34.232267,50,39.540724
-33.004275,50,39.564833
-44.829734,50,39.588725
-41.41139,50,39.6128
-50.813229,50,39.636977
-37.592723,50,39.661435
-26.339486,50,39.685682
-32.717795,50,39.710192
-35.025962,50,39.734152
-44.782554,50,39.758261
-37.693951,50,39.782346
-31.822142,50,39.806405
-33.558753,50,39.830443
-39.531833,50,39.854524
-41.279005,50,39.878816
-38.833146,50,39.903092
-37.278469,50,39.927264
-30.407249,50,39.950993
-30.932127,50,39.975341
-37.179161,50,39.999221
-35.123369,50,40.023856
-40.474358,50,40.048231
-35.69599,50,40.072187
-46.422805,50,40.09686
-26.662169,50,40.120933
-37.299678,50,40.145132
-38.972989,50,40.16927
-42.321056,50,40.193702
-39.376784,50,40.219747
-41.638274,50,40.243783
-31.156838,50,40.267958
-36.861398,50,40.292047
-43.340177,50,40.316084
-34.854938,50,40.3403
-38.360438,50,40.799878
-35.748751,50,40.834945
-32.269422,50,40.858994
-32.471774,50,40.883573
-31.704781,50,40.907839
-33.160555,50,40.932434
-38.563945,50,40.9563
-37.692647,50,40.980085
-33.959747,50,41.004202
-39.052499,50,41.028045
-31.085081,50,41.052714
-36.970785,50,41.077403
-34.129669,50,41.101393
-36.827108,50,41.125682
-42.546913,50,41.149663
-34.215837,50,41.173638
-38.835314,50,41.197868
-42.079991,50,41.222242
-39.341397,50,41.246358
-37.263716,50,41.270547
-41.858988,50,41.294661
-32.028635,50,41.319042
-37.269994,50,41.343061
-33.111265,50,41.36684
-30.970761,50,41.391332
-41.341327,50,41.415597
-38.848946,50,41.439973
-33.493402,50,41.463565
-41.210747,50,41.48762
-41.623786,50,41.511777
-33.906344,50,41.535652
-38.638045,50,41.559954
-39.214079,50,41.584048
-43.994924,50,41.608114
-33.961034,50,41.632188
-32.134392,50,41.656715
-35.854911,50,41.680536
-36.848099,50,41.705019
-35.558404,50,41.729383
-45.4504,50,41.753399
-36.637989,50,41.777442
-39.509931,50,42.23787
-35.964557,50,42.271928
-39.41531,50,42.296004
-35.759796,50,42.319578
-45.329904,50,42.345349
-34.892091,50,42.369552
-38.745947,50,42.393315
-33.919203,50,42.417616
-34.4237,50,42.441865
-36.633451,50,42.465987
-35.010593,50,42.490092
-34.907546,50,42.514291
-32.240189,50,42.538703
-44.433437,50,42.562926
-33.645435,50,42.587108
-31.159658,50,42.611443
-37.385441,50,42.635294
-34.618243,50,42.659703
-36.683662,50,42.683552
-31.963229,50,42.707953
-41.497217,50,42.73222
-36.925943,50,42.756443
-33.776746,50,42.780708
-32.374096,50,42.804903
-37.95652,50,42.829039
-39.584721,50,42.853226
-39.88601,50,42.87728
-37.269929,50,42.901794
-33.66117,50,42.925911
-37.733379,50,42.950204
-41.106947,50,42.974494
-37.454039,50,42.998489
-36.256112,50,43.022596
-33.655479,50,43.047006
-38.09789,50,43.072101
-40.93126,50,43.096599
-37.469585,50,43.120898
-40.769015,50,43.145041
-33.998579,50,43.16956
-35.505598,50,43.193761
-37.707206,50,43.217798
-42.064855,50,43.678717
-35.042644,50,43.713813
-42.594728,50,43.737828
-39.348591,50,43.761381
-37.411219,50,43.785176
-36.494494,50,43.809025
-37.303992,50,43.83275
-40.865795,50,43.856848
-37.561736,50,43.880899
-43.844889,50,43.905045
-35.657788,50,43.929371
-38.561116,50,43.953178
-37.080056,50,43.977093
-31.588503,50,44.00113
-41.17003,50,44.024976
-44.708792,50,44.048925
-32.718139,50,44.073247
-46.499183,50,44.097438
-37.786717,50,44.121633
-38.657925,50,44.145685
-40.410188,50,44.170566
-38.612584,50,44.19542
-31.938731,50,44.219323
-39.148148,50,44.243935
-36.452766,50,44.268005
-36.729088,50,44.292027
-31.914992,50,44.316449
-33.474639,50,44.340462
-32.052714,50,44.364523
-37.586496,50,44.388862
-42.031451,50,44.413142
-38.58974,50,44.437394
-33.683024,50,44.461749
-41.99768,50,44.485727
-30.321002,50,44.509938
-28.75397,50,44.534044
-30.364221,50,44.558153
-40.750826,50,44.582451
-36.81691,50,44.60652
-35.541263,50,44.630826
-33.187564,50,44.655069
-33.583186,50,45.114534
-34.257792,50,45.148358
-32.849971,50,45.173385
-41.488591,50,45.197403
-35.347594,50,45.221486
-40.274827,50,45.245587
-36.861014,50,45.269513
-29.820624,50,45.293526
-37.518483,50,45.317576
-33.900262,50,45.341365
-41.108997,50,45.365575
-37.139772,50,45.389661
-41.161505,50,45.41375
-32.60076,50,45.438024
-30.970477,50,45.462151
-32.308697,50,45.486413
-35.496481,50,45.510474
-33.274784,50,45.535649
-30.782131,50,45.560006
-38.127357,50,45.584016
-37.412738,50,45.608924
-35.083679,50,45.632932
-38.65227,50,45.657023
-30.968583,50,45.681672
-35.540036,50,45.7066
-37.490483,50,45.730678
-33.280043,50,45.754688
-33.748385,50,45.778993
-36.719435,50,45.803211
-29.847417,50,45.827592
-32.570407,50,45.851685
-34.517527,50,45.875857
-36.216438,50,45.899871
-35.477407,50,45.924246
-34.982828,50,45.948368
-34.093172,50,45.972472
-33.108682,50,45.996768
-39.553373,50,46.021566
-38.169596,50,46.050745
-35.470953,50,46.076659
-34.940868,50,46.100857
-31.153498,50,46.558773
-32.076293,50,46.594442
-36.896042,50,46.618325
-38.867436,50,46.641933
-32.882216,50,46.666311
-39.618305,50,46.689845
-31.66716,50,46.713877
-37.466615,50,46.737732
-33.217536,50,46.761888
-27.758131,50,46.785732
-35.566409,50,46.809909
-32.223377,50,46.834167
-32.769373,50,46.858347
-36.02018,50,46.882658
-31.325939,50,46.906939
-32.626549,50,46.930893
-31.825729,50,46.954989
-34.624078,50,46.979301
-42.493059,50,47.003316
-39.554048,50,47.027493
-41.705007,50,47.051719
-41.58505,50,47.076722
-35.635077,50,47.100458
-31.270786,50,47.124514
-35.953603,50,47.148693
-38.678392,50,47.172719
-33.470914,50,47.197132
-32.912371,50,47.222035
-37.266611,50,47.245977
-38.151959,50,47.270261
-37.843349,50,47.29446
-39.811398,50,47.31863
-36.393299,50,47.342662
-31.330593,50,47.366514
-35.344005,50,47.391145
-38.87582,50,47.415134
-43.894372,50,47.438992
-29.360662,50,47.463418
-33.436157,50,47.487551
-35.186017,50,47.511599
-37.429946,50,47.535541
-38.772046,50,47.997018
-33.163779,50,48.030222
-31.344894,50,48.05453
-34.622605,50,48.078572
-32.453738,50,48.102966
-31.010329,50,48.12692
-38.428548,50,48.153866
-30.137431,50,48.179486
-34.933286,50,48.204015
-34.223833,50,48.227996
-37.723544,50,48.252304
-35.350567,50,48.276615
-33.514662,50,48.300463
-32.623767,50,48.324568
-43.045609,50,48.34858
-34.290383,50,48.372848
-36.88702,50,48.399102
-31.230848,50,48.424488
-25.775762,50,48.448968
-34.378402,50,48.473067
-39.825211,50,48.497379
-34.860461,50,48.521525
-36.136478,50,48.545391
-28.692786,50,48.569784
-37.181462,50,48.593864
-30.888938,50,48.617999
-26.008077,50,48.64233
-37.748964,50,48.666551
-39.483721,50,48.690803
-39.278912,50,48.714812
-36.298485,50,48.738766
-38.784337,50,48.762926
-38.129324,50,48.786772
-30.426439,50,48.810856
-37.145157,50,48.835012
-34.18531,50,48.859238
-33.028378,50,48.883487
-37.251093,50,48.907562
-36.234076,50,48.931669
-35.240094,50,48.955813
-39.897691,50,48.980454
-32.727339,50,49.440625
-39.547873,50,49.475988
-35.22422,50,49.499927
-31.807626,50,49.524096
-37.839573,50,49.548317
-43.017492,50,49.572543
-32.19006,50,49.596772
-32.852032,50,49.620706
-31.648699,50,49.644817
-29.706338,50,49.669252
-31.948973,50,49.693292
-39.688219,50,49.717263
-31.152155,50,49.741413
-37.562143,50,49.765601
-41.716931,50,49.78955
-31.736747,50,49.813518
-31.777486,50,49.83784
-33.020889,50,49.861858
-36.180644,50,49.886016
-36.861751,50,49.910258
-39.651764,50,49.934326
-31.288122,50,49.958519
-38.670118,50,49.982664
-32.463552,50,50.006795
-36.519165,50,50.031076
-41.688478,50,50.055196
-33.265901,50,50.079306
-35.877325,50,50.103386
-31.527052,50,50.127496
-31.783521,50,50.151576
-30.281656,50,50.175645
-28.564096,50,50.200009
-35.405437,50,50.22518
-32.253796,50,50.249243
-40.814226,50,50.273304
-30.454358,50,50.297596
-40.296884,50,50.321926
-34.861821,50,50.345963
-32.840866,50,50.370197
-33.763679,50,50.394231
-36.072331,50,50.418219
-37.997122,50,50.878169
-35.920663,50,50.913853
-41.119908,50,50.937972
-29.907452,50,50.961615
-40.523839,50,50.985273
-33.310665,50,51.008955
-33.853786,50,51.032673
-32.40971,50,51.05776
-36.061151,50,51.081901
-28.529912,50,51.105863
-33.54079,50,51.130062
-42.024524,50,51.154084
-27.83352,50,51.178198
-38.392095,50,51.202558
-28.740898,50,51.226547
-33.708547,50,51.250897
-36.804533,50,51.275035
-31.29978,50,51.299166
-41.944755,50,51.323291
-33.836963,50,51.347514
-31.597623,50,51.371725
-34.443707,50,51.396023
-31.696125,50,51.420046
-39.43697,50,51.444002
-36.838149,50,51.468329
-36.051965,50,51.492555
-34.051024,50,51.516838
-34.705309,50,51.541097
-30.690385,50,51.565272
-30.596883,50,51.589581
-32.545502,50,51.613869
-36.237819,50,51.637892
-34.669378,50,51.662563
-31.789502,50,51.686879
-32.147307,50,51.711416
-34.618021,50,51.735517
-30.309552,50,51.759635
-34.199414,50,51.783893
-29.812469,50,51.8092
-38.065303,50,51.83824
-31.282647,50,51.866343
-33.005018,50,52.328542
-39.066422,50,52.362789
-32.072433,50,52.386893
-40.859339,50,52.410636
-33.937091,50,52.434247
-37.339174,50,52.458027
-37.928148,50,52.481768
-30.266211,50,52.506223
-42.246313,50,52.530252
-33.173384,50,52.55441
-37.196796,50,52.578867
-31.103592,50,52.603274
-31.034308,50,52.627299
-38.662471,50,52.651377
-38.120344,50,52.67591
-34.003602,50,52.700131
-28.967805,50,52.724357
-31.347322,50,52.748622
-29.856002,50,52.772973
-37.054359,50,52.797246
-35.55382,50,52.821429
-33.865227,50,52.845592
-26.30316,50,52.869789
-37.52022,50,52.894083
-34.796252,50,52.918259
-27.88711,50,52.942496
-32.491076,50,52.96808
-34.865718,50,52.992325
-36.120483,50,53.016654
-35.355945,50,53.040697
-38.133716,50,53.065015
-33.25268,50,53.08958
-31.943749,50,53.113913
-34.022692,50,53.137882
-28.876976,50,53.162149
-33.248724,50,53.1865
-39.691147,50,53.212568
-35.387567,50,53.236801
-32.41943,50,53.261034
-31.501988,50,53.285255
-36.127194,50,53.309599
-33.119776,50,53.766011
-30.687864,50,53.80064
-32.331355,50,53.825053
-37.211102,50,53.84946
-35.294942,50,53.873549
-38.492334,50,53.89748
-36.914825,50,53.921606
-34.341311,50,53.945702
-33.600435,50,53.969945
-36.602244,50,53.9943
-31.567664,50,54.018268
-33.994416,50,54.04212
-36.164748,50,54.066143
-39.284026,50,54.09028
-39.131076,50,54.114345
-28.108814,50,54.138364
-38.124302,50,54.162399
-29.620835,50,54.186625
-31.19442,50,54.210875
-33.669313,50,54.234878
-35.84872,50,54.259106
-35.89228,50,54.28305
-40.681658,50,54.30854
-33.742649,50,54.332494
-34.702935,50,54.356507
-34.98553,50,54.381331
-35.326748,50,54.405378
-35.098815,50,54.429848
-34.037181,50,54.45421
-36.567682,50,54.478401
-33.390005,50,54.502776
-36.317524,50,54.526929
-34.078462,50,54.550845
-41.491239,50,54.575089
-32.175281,50,54.599177
-36.386317,50,54.623258
-30.636049,50,54.647355
-30.573126,50,54.67147
-29.570052,50,54.69553
-35.673898,50,54.719831
-37.396952,50,54.743871
-35.776225,50,55.202442
-31.53457,50,55.23597
-29.602506,50,55.26019
-31.603538,50,55.284549
-28.094513,50,55.308926
-28.681855,50,55.333139
-33.748575,50,55.357472
-30.236838,50,55.381725
-31.236009,50,55.406134
-29.444093,50,55.430879
-31.94062,50,55.454996
-38.362104,50,55.479018
-35.345808,50,55.503146
-34.981046,50,55.527227
-32.083832,50,55.551392
-36.566267,50,55.57539
-38.700024,50,55.59941
-37.590285,50,55.623474
-34.431968,50,55.647383
-29.673281,50,55.67184
-38.505069,50,55.696065
-32.288451,50,55.719972
-36.11926,50,55.744056
-32.189,50,55.768077
-32.465622,50,55.792096
-35.169946,50,55.816262
-27.994208,50,55.840471
-40.017831,50,55.86462
-29.985788,50,55.888526
-40.449554,50,55.912687
-35.291088,50,55.936929
-32.96807,50,55.960924
-35.099278,50,55.988002
-35.08289,50,56.011892
-27.8051,50,56.035955
-42.267661,50,56.060109
-36.065444,50,56.084037
-39.344481,50,56.108236
-39.079265,50,56.132301
-37.395199,50,56.156275
-30.219012,50,56.18027
-31.511697,50,56.635521
-32.067816,50,56.669504
-31.014586,50,56.693545
-33.858324,50,56.717606
-34.448361,50,56.74184
-29.865652,50,56.765964
-33.593876,50,56.789801
-28.279789,50,56.813871
-34.430738,50,56.838004
-29.397469,50,56.862352
-29.547108,50,56.886374
-30.888807,50,56.910569
-37.124845,50,56.934666
-39.810919,50,56.959012
-34.552228,50,56.984014
-35.17635,50,57.008619
-30.375055,50,57.032661
-31.68685,50,57.056787
-42.381551,50,57.08088
-37.181911,50,57.105008
-30.574329,50,57.129307
-27.80334,50,57.153336
-33.590218,50,57.177481
-30.563247,50,57.201771
-30.155467,50,57.225733
-32.504352,50,57.25003
-31.333073,50,57.274095
-28.569669,50,57.298347
-37.355463,50,57.322387
-33.487913,50,57.346355
-33.415416,50,57.370557
-32.597698,50,57.39466
-31.512576,50,57.418748
-33.188483,50,57.442923
-34.8012,50,57.467064
-34.998722,50,57.491089
-38.076619,50,57.515187
-33.965053,50,57.539161
-34.47841,50,57.563176
-41.487753,50,57.587436
-34.723178,50,57.611605
-41.058868,50,58.075886
-29.481047,50,58.108192
-35.267979,50,58.132416
-32.87273,50,58.156804
-27.562908,50,58.181188
-31.584664,50,58.205319
-33.926314,50,58.229373
-31.387163,50,58.254014
-30.188232,50,58.278188
-30.357689,50,58.302416
-27.676803,50,58.326423
-29.955359,50,58.351097
-32.651335,50,58.375063
-32.557213,50,58.398981
-35.260057,50,58.423014
-32.868521,50,58.44708
-27.085986,50,58.471227
-37.263817,50,58.495412
-27.260985,50,58.51963
-35.692159,50,58.543632
-35.30062,50,58.568348
-32.293005,50,58.592698
-36.995959,50,58.616893
-36.035223,50,58.640892
-36.51028,50,58.665245
-26.026378,50,58.689294
-29.831928,50,58.713357
-28.572798,50,58.737578
-31.545829,50,58.761778
-35.640282,50,58.785907
-39.447557,50,58.809815
-28.698234,50,58.834024
-35.866547,50,58.858515
-38.176231,50,58.88253
-33.307508,50,58.906701
-27.972853,50,58.930994
-31.545697,50,58.954858
-34.256039,50,58.978962
-29.437008,50,59.003162
-34.792076,50,59.027343
-31.010641,50,59.051281
-35.232054,50,59.51234
-33.239666,50,59.545891
-37.986046,50,59.569981
-28.917498,50,59.594194
-29.43148,50,59.61848
-39.242176,50,59.642612
-38.247136,50,59.666681
-33.199448,50,59.690788
-29.1335,50,59.715046
-33.03851,50,59.739261
-34.512138,50,59.763312
-34.725368,50,59.787384
-30.270955,50,59.811602
-28.941995,50,59.83581
-31.123812,50,59.859953
-31.970734,50,59.884173
-38.179233,50,59.90828
-34.452027,50,59.932476
-29.18082,50,59.956585
-31.959382,50,59.980609
-37.782869,50,60.004934
-39.486605,50,60.029816
-36.958303,50,60.05358
-30.596911,50,60.077867
-34.882859,50,60.101948
-33.220499,50,60.126346
-34.576974,50,60.153332
-33.026848,50,60.17764
-26.432017,50,60.202102
-35.460025,50,60.22623
-32.97461,50,60.25068
-32.869326,50,60.274947
-28.582216,50,60.29901
-32.118425,50,60.322886
-40.210358,50,60.347114
-29.652254,50,60.371323
-25.829595,50,60.395301
-27.564249,50,60.419472
-30.452494,50,60.443654
-33.130443,50,60.467664
-34.007305,50,60.491683
-33.465452,50,60.96428
-32.675838,50,60.992851
-23.015089,50,61.016826
-36.345375,50,61.040735
-35.06132,50,61.064402
-31.738989,50,61.088481
-35.536621,50,61.112791
-31.73494,50,61.13689
-31.212671,50,61.161069
-32.522171,50,61.185377
-27.050077,50,61.209916
-30.412027,50,61.234815
-37.439594,50,61.258825
-28.989629,50,61.28311
-33.094005,50,61.307348
-31.820173,50,61.331402
-28.240058,50,61.355509
-29.026052,50,61.379722
-34.470705,50,61.403678
-33.673975,50,61.427803
-28.041808,50,61.45197
-44.258619,50,61.476435
-37.196788,50,61.500804
-30.948268,50,61.524992
-29.497521,50,61.549057
-33.655943,50,61.572935
-31.395009,50,61.596754
-31.585703,50,61.621018
-34.530234,50,61.645272
-40.202068,50,61.669263
-34.305104,50,61.693373
-30.78014,50,61.717593
-31.985803,50,61.741592
-29.036874,50,61.76582
-34.559509,50,61.789998
-38.863559,50,61.814304
-28.176215,50,61.838357
-40.148708,50,61.862737
-27.090295,50,61.88707
-33.382071,50,61.911264
-34.172037,50,61.935255
-34.981519,50,62.405474
-35.434453,50,62.429645
-27.100396,50,62.453615
-39.359777,50,62.477796
-33.172924,50,62.501813
-33.215539,50,62.526132
-35.251095,50,62.550032
-30.924995,50,62.57402
-28.845238,50,62.598231
-34.416556,50,62.622501
-30.625918,50,62.646549
-37.657738,50,62.671013
-31.885537,50,62.694831
-34.036563,50,62.718902
-28.559585,50,62.742845
-26.201378,50,62.766968
-26.922396,50,62.791547
-29.328578,50,62.815821
-33.462644,50,62.840032
-34.294153,50,62.864268
-26.629833,50,62.88853
-29.176926,50,62.912518
-28.525745,50,62.936679
-33.881083,50,62.960596
-29.545034,50,62.984952
-32.824904,50,63.01017
-36.281942,50,63.034285
-27.3506,50,63.0587
-33.467532,50,63.082554
-33.298899,50,63.106644
-32.80596,50,63.130844
-35.46627,50,63.154919
-31.032745,50,63.179205
-36.464068,50,63.203415
-28.730449,50,63.227358
-36.904494,50,63.251843
-26.432503,50,63.276323
-27.184102,50,63.300539
-27.474715,50,63.324696
-30.918392,50,63.348763
-33.429369,50,63.372941
-27.638972,50,63.845015
-36.753194,50,63.87639
-40.047162,50,63.900284
-33.907653,50,63.924228
-38.132002,50,63.947961
-36.108462,50,63.971705
-29.274574,50,63.995988
-30.047193,50,64.020189
-32.832851,50,64.044251
-31.612201,50,64.068641
-31.365226,50,64.092823
-23.651447,50,64.117247
-31.780295,50,64.141606
-42.259366,50,64.165875
-34.27445,50,64.19041
-34.144759,50,64.21431
-35.317741,50,64.238805
-33.500755,50,64.276821
-30.912769,50,64.304696
-32.404668,50,64.330635
-35.49293,50,64.354719
-37.173198,50,64.379082
-27.448922,50,64.403435
-33.277669,50,64.427428
-30.14397,50,64.451793
-30.366693,50,64.476068
-30.022398,50,64.500188
-26.834625,50,64.524546
-33.697473,50,64.548921
-35.121903,50,64.572955
-37.796612,50,64.597412
-32.043479,50,64.621543
-31.6244,50,64.645757
-36.121027,50,64.669989
-34.036463,50,64.693982
-25.820439,50,64.718197
-31.808888,50,64.742341
-26.315933,50,64.766448
-32.498069,50,64.790685
-30.195079,50,64.81479
-32.125636,50,64.839816
-34.517593,50,65.308659
-35.544147,50,65.332835
-30.531748,50,65.356819
-35.475589,50,65.380948
-33.01329,50,65.404979
-31.631266,50,65.428959
-28.933327,50,65.453946
-30.660613,50,65.478585
-35.9963,50,65.502759
-30.875809,50,65.526681
-37.867833,50,65.55113
-33.042559,50,65.575421
-33.383852,50,65.599462
-34.319458,50,65.623486
-33.710427,50,65.647394
-34.591594,50,65.671816
-33.708503,50,65.6958
-37.355569,50,65.719924
-31.555176,50,65.74419
-34.024481,50,65.768242
-30.831196,50,65.792543
-29.059556,50,65.816337
-32.070591,50,65.840444
-31.222777,50,65.86487
-27.711541,50,65.888704
-34.464987,50,65.912843
-30.855809,50,65.936826
-41.775441,50,65.961129
-27.448914,50,65.985429
-30.725405,50,66.009537
-26.28011,50,66.033715
-38.903127,50,66.057699
-26.190298,50,66.081656
-34.743354,50,66.106754
-29.45709,50,66.131155
-28.887555,50,66.155273
-31.905714,50,66.179386
-35.045568,50,66.203607
-32.009836,50,66.227721
-32.848328,50,66.2518
-29.399026,50,66.275705
-32.677978,50,66.741613
-30.592831,50,66.772233
-40.686258,50,66.796141
-28.543625,50,66.821341
-29.424529,50,66.850512
-31.971567,50,66.877607
-36.34954,50,66.905357
-25.358835,50,66.932789
-34.13051,50,66.956655
-31.779179,50,66.980895
-29.329963,50,67.005526
-34.705573,50,67.029807
-34.095549,50,67.053895
-37.236043,50,67.078219
-33.364212,50,67.102439
-36.212518,50,67.126909
-23.901414,50,67.151146
-34.930045,50,67.175064
-34.571276,50,67.19949
-35.24287,50,67.223501
-35.639368,50,67.247858
-38.929373,50,67.272136
-25.876455,50,67.296498
-32.457417,50,67.320571
-28.979481,50,67.344667
-30.388437,50,67.368948
-33.590935,50,67.392988
-28.274779,50,67.417096
-34.467655,50,67.441714
-30.660727,50,67.465873
-34.312687,50,67.489729
-45.863609,50,67.513905
-32.297311,50,67.538432
-30.174638,50,67.562422
-36.086709,50,67.586253
-36.000469,50,67.610667
-33.828878,50,67.634643
-35.111637,50,67.658718
-30.939436,50,67.683088
-30.780316,50,67.707028
-33.038247,50,67.731322
-30.621993,50,68.200724
-33.842317,50,68.224638
-25.593321,50,68.248486
-30.628831,50,68.272376
-28.736108,50,68.296309
-28.307474,50,68.320106
-39.047815,50,68.344217
-31.283381,50,68.368526
-31.450114,50,68.392758
-29.922781,50,68.416832
-32.973998,50,68.441112
-32.332522,50,68.465056
-34.824016,50,68.488988
-30.377046,50,68.513015
-31.297404,50,68.537178
-29.576031,50,68.561433
-29.757873,50,68.585375
-33.005521,50,68.609519
-33.32313,50,68.633639
-28.49008,50,68.657913
-32.639257,50,68.682663
-26.055568,50,68.706752
-28.618449,50,68.730785
-32.409249,50,68.755111
-27.405841,50,68.779456
-31.172102,50,68.803957
-35.470162,50,68.828022
-40.133205,50,68.851977
-28.608695,50,68.876221
-25.528794,50,68.900355
-32.815346,50,68.924288
-30.476648,50,68.948427
-27.364637,50,68.972594
-30.147558,50,68.997176
-35.766338,50,69.021253
-30.849202,50,69.045322
-30.843881,50,69.069699
-32.85,50,69.093816
-29.608894,50,69.117931
-25.273851,50,69.142307
-31.217088,50,69.166323
-30.656636,50,69.629455
-29.756929,50,69.658655
-35.965684,50,69.683139
-27.618826,50,69.707992
-37.319365,50,69.732063
-29.772688,50,69.75937
-34.486182,50,69.783309
-36.642356,50,69.810205
-35.25519,50,69.834335
-30.128323,50,69.863489
-33.217527,50,69.887816
-30.100191,50,69.91446
-31.815144,50,69.939137
-35.293975,50,69.965175
-26.480357,50,69.99009
-33.395135,50,70.014722
-27.902065,50,70.039483
-30.251964,50,70.064635
-30.612702,50,70.088998
-23.637609,50,70.113833
-35.03814,50,70.138395
-30.347025,50,70.163525
-37.755656,50,70.187982
-34.480967,50,70.216452
-23.358596,50,70.241502
-36.116607,50,70.265791
-24.192608,50,70.291206
-28.86693,50,70.315504
-32.454196,50,70.339642
-32.941785,50,70.364115
-32.827604,50,70.388416
-32.715069,50,70.413505
-35.388345,50,70.437779
-29.552643,50,70.461877
-31.212759,50,70.486024
-36.782879,50,70.510223
-27.509607,50,70.534416
-30.644421,50,70.558675
-33.523931,50,70.582748
-31.459031,50,70.606802
-34.001842,50,70.631012
